region,time,temp,tweets
A,1,10.61634981,103
A,2,12.38308605,241
A,3,10.0148773,119
A,4,10.69355783,175
A,5,9.973382353,109
A,6,10.76426471,136
A,7,11.8162406,160
A,8,10.38120411,145
A,9,11.74912281,124
A,10,13.19675037,139
A,11,12.88930308,145
A,12,15.22763533,262
A,13,11.66553254,215
A,14,14.43048048,177
A,15,19.13531353,121
A,16,17.61118421,82
A,17,16.04789157,93
A,18,20.04783237,164
A,19,21.4489083,183
A,20,20.45,143
A,21,16.88171429,160
A,22,19.00162242,135
A,23,21.55800294,125
A,24,24.59714693,163
A,25,21.94830986,106
A,26,22.0259887,142
A,27,22.12920489,238
A,28,24.8445122,118
A,29,25.60055046,210
A,30,25.56956522,224
A,31,23.87911184,140
A,32,25.93185714,366
A,33,25.97321178,162
A,34,24.86419401,178
A,35,27.03988685,964
A,36,26.01706485,474
A,37,23.75486601,77
A,38,21.93361111,114
A,39,20.66037196,228
A,40,22.15533199,200
A,41,19.74288052,179
A,42,19.72530488,105
A,43,22.01451852,160
A,44,19.35987934,94
A,45,13.86102004,187
A,46,14.29504373,134
A,47,15.5374808,101
A,48,13.93615917,216
A,49,10.83118594,220
A,50,10.18918919,194
A,51,11.08385346,113
A,52,10.43492497,142
A,53,10.38894231,77
A,54,10.4530303,119
A,55,10.37656012,131
A,56,7.762535211,183
A,57,10.55832168,118
A,58,7.135359116,600
A,59,10.3809589,110
A,60,10.51194631,101
A,61,12.13387816,100
A,62,13.85136612,98
A,63,14.42688928,103
A,64,11.25830508,157
A,65,14.32107143,126
A,66,18.42232645,146
A,67,14.55339506,134
A,68,16.54343891,103
A,69,16.88717599,87
A,70,18.80301783,126
A,71,20.35742297,96
A,72,23.01838235,133
A,73,19.7821975,144
A,74,21.69861496,93
A,75,23.83287483,165
A,76,21.09371585,132
A,77,22.85200553,192
A,78,25.56941813,264
A,79,27.1892054,668
A,80,28.61536313,850
A,81,28.76173045,1060
A,82,28.25712251,935
A,83,28.01451356,730
A,84,28.84702467,835
A,85,26.03130312,504
A,86,25.15408497,258
A,87,25.62323232,350
A,88,22.71331484,265
A,89,22.97400568,136
A,90,21.25127479,137
A,91,22.54335664,141
A,92,21.19750367,104
A,93,19.43487085,146
A,94,19.34970149,83
A,95,18.275,106
A,96,17.32080745,126
A,97,17.74074733,163
A,98,16.83278689,181
A,99,14.60130933,142
A,100,12.07006369,353
A,101,13.90717703,545
A,102,13.69876797,372
A,103,14.36438356,353
A,104,12.88274648,135
A,105,13.42753165,113
A,106,12.8471637,124
A,107,11.27956204,138
A,108,12.76941581,160
A,109,11.57867036,242
A,110,12.98649469,344
A,111,13.36157083,183
A,112,9.906334842,116
A,113,10.72338377,107
A,114,11.58715847,369
A,115,10.29089655,175
A,116,12.46316508,201
A,117,12.74629371,125
A,118,13.31184023,134
A,119,13.87297668,154
A,120,15.18261474,157
A,121,16.02058011,186
A,122,17.61081831,101
A,123,17.301983,114
A,124,14.86757532,246
A,125,20.50947522,112
A,126,19.30659971,125
A,127,20.76700288,156
A,128,24.35322129,129
A,129,22.37136929,92
A,130,24.28111111,127
A,131,26.38316832,354
A,132,26.90042373,360
A,133,27.29787535,544
A,134,27.57965861,444
A,135,27.79957924,416
A,136,27.90876945,1132
A,137,26.38114286,312
A,138,26.96051873,321
A,139,27.40734463,444
A,140,27.19482014,528
A,141,27.2606414,2716
A,142,21.77342857,124
A,143,22.09860335,110
A,144,22.78382979,181
A,145,22.15586987,97
A,146,17.61816881,405
A,147,19.69598278,189
A,148,20.46421208,195
A,149,17.73741007,244
A,150,12.19378531,629
A,151,13.59584527,456
A,152,11.27675439,321
A,153,13.25389134,174
A,154,14.02119883,195
A,155,10.84357143,177
A,156,10.90151934,104
A,157,11.50461049,100
A,158,14.31273585,143
A,159,11.28002755,187
A,160,9.916782247,204
A,161,7.30069541,515
A,162,9.297869318,279
A,163,12.49521127,282
A,164,10.9604782,113
A,165,12.23093645,145
A,166,13.38931083,136
A,167,11.96193922,163
A,168,17.27122302,271
A,169,13.52383041,301
A,170,11.51901306,353
A,171,15.01881188,413
A,172,15.80732394,278
A,173,18.56875872,192
A,174,18.33125864,374
A,175,16.15899582,356
A,176,18.08176796,255
A,177,19.4037448,604
A,178,21.01828104,360
A,179,22.57296552,489
A,180,22.78159341,1527
A,181,24.2915978,532
A,182,27.65061224,2960
A,183,27.73008357,5280
A,184,22.9396978,587
A,185,24.32002762,519
A,186,28.57479339,3730
A,187,26.00111732,1212
A,188,27.61495845,1740
A,189,28.19554318,3280
A,190,26.38121547,1578
A,191,27.87668038,1376
A,192,27.46174863,1716
A,193,23.98114525,659
A,194,24.85021038,1012
A,195,22.91062323,582
A,196,22.10535966,492
A,197,22.65049929,294
A,198,23.28461538,317
A,199,23.25677155,698
A,200,19.41504178,604
A,201,19.97686883,420
A,202,17.45020804,605
A,203,13.78912134,595
A,204,13.60864714,699
A,205,14.99524476,455
A,206,10.34434907,412
A,207,10.49646893,713
A,208,9.8734375,573
A,209,10.08876712,364
A,210,12.02451923,430
B,1,5.535815603,16
B,2,7.539004149,35
B,3,4.881673307,10
B,4,6.647791165,20
B,5,4.210245902,10
B,6,5.125847458,10
B,7,6.42145749,16
B,8,6.211836735,13
B,9,5.739591837,13
B,10,8.3336,10
B,11,9.454867257,13
B,12,12.07719298,26
B,13,7.193469388,21
B,14,11.80826772,17
B,15,15.24471154,16
B,16,15.5509901,12
B,17,11.96530612,12
B,18,13.2497992,18
B,19,17.65714286,20
B,20,13.79632653,18
B,21,13.83568465,14
B,22,13.53640167,25
B,23,19.18656126,24
B,24,21.86804979,21
B,25,20.14132231,18
B,26,19.5545045,17
B,27,19.39339623,25
B,28,17.62410714,7
B,29,23.34462366,12
B,30,22.18087432,16
B,31,21.03128205,14
B,32,23.34907407,18
B,33,19.86044444,12
B,34,20.15810811,19
B,35,23.42366071,28
B,36,23.1,18
B,37,21.68051948,16
B,38,19.91706161,17
B,39,15.39694323,38
B,40,17.34573171,33
B,41,16.8086758,28
B,42,16.34137931,20
B,43,17.03755274,24
B,44,14.28064516,20
B,45,8.870854271,34
B,46,8.161290323,19
B,47,9.810878661,20
B,48,10.48495146,30
B,49,4.902631579,29
B,50,5.570588235,23
B,51,6.990769231,15
B,52,4.1421875,16
B,53,6.10738255,8
B,54,5.300784314,5
B,55,4.631967213,24
B,56,2.780237154,48
B,57,5.064940239,13
B,58,0.118072289,216
B,59,4.13203125,20
B,60,5.258396947,13
B,61,7.286919831,12
B,62,9.652290076,10
B,63,10.49950249,12
B,64,7.371040724,12
B,65,9.437320574,18
B,66,12.40402299,13
B,67,10.99070796,13
B,68,13.29162996,9
B,69,13.50117647,10
B,70,14.44573643,11
B,71,17.54980545,14
B,72,18.59365079,9
B,73,13.22078431,18
B,74,17.19179688,20
B,75,21.04979757,15
B,76,18.63628692,19
B,77,18.20612245,33
B,78,22.88122449,26
B,79,26.49779736,81
B,80,25.3546875,54
B,81,25.85422222,48
B,82,24.15585938,21
B,83,21.99212963,18
B,84,24.02958333,27
B,85,21.23739496,21
B,86,21.32139303,12
B,87,22.32857143,30
B,88,17.95102881,36
B,89,18.32207792,25
B,90,16.24096386,33
B,91,16.33306122,31
B,92,14.77983871,24
B,93,14.54130435,36
B,94,12.26758893,25
B,95,13.01860465,39
B,96,12.83611111,34
B,97,13.88219895,40
B,98,12.05771144,45
B,99,8.911737089,30
B,100,6.578733032,65
B,101,8.2672,137
B,102,7.129012346,91
B,103,9.2,39
B,104,6.429050279,27
B,105,7.662376238,9
B,106,8.173515982,30
B,107,5.353807107,14
B,108,6.724271845,45
B,109,7.886346863,31
B,110,7.005809129,22
B,111,8.791078067,25
B,112,4.054183267,16
B,113,6.544852941,21
B,114,6.352747253,50
B,115,4.776923077,33
B,116,5.678066914,32
B,117,9.34501845,17
B,118,10.26444444,12
B,119,8.805223881,24
B,120,12.17715356,33
B,121,11.32851852,32
B,122,9.595571956,15
B,123,13.27490775,25
B,124,12.5011194,47
B,125,15.25824176,23
B,126,16.61296296,15
B,127,16.45441176,35
B,128,20.88470149,28
B,129,16.17918216,29
B,130,21.50449438,23
B,131,22.40970149,23
B,132,24.69851301,31
B,133,21.49101124,32
B,134,23.14015152,23
B,135,24.28377358,15
B,136,23.34676806,47
B,137,21.24513619,21
B,138,23.12666667,18
B,139,24.01433962,26
B,140,23.3770428,38
B,141,23.13473282,67
B,142,16.79657795,20
B,143,17.15378788,31
B,144,17.68015267,38
B,145,16.79083969,27
B,146,12.6518797,38
B,147,12.9481203,32
B,148,14.61977186,61
B,149,10.57765152,66
B,150,7.66221374,128
B,151,8.246666667,130
B,152,6.27593985,89
B,153,6.128838951,42
B,154,6.611721612,57
B,155,4.996981132,50
B,156,4.80858209,43
B,157,4.035470085,37
B,158,6.153947368,12
B,159,2.978571429,96
B,160,4.710740741,63
B,161,1.3133829,327
B,162,3.911070111,101
B,163,7.441697417,49
B,164,6.017509728,25
B,165,7.563274336,37
B,166,8.017910448,38
B,167,7.983520599,39
B,168,13.07169118,62
B,169,11.03272059,65
B,170,7.757894737,78
B,171,10.34710425,103
B,172,11.37878788,86
B,173,14.4905303,36
B,174,12.41450382,124
B,175,10.17865169,100
B,176,13.67583643,72
B,177,14.92873134,84
B,178,15.78656716,73
B,179,21.02518797,122
B,180,18.27692308,265
B,181,20.02813688,76
B,182,25.15661765,290
B,183,25.22904412,346
B,184,17.69219331,88
B,185,22.73924528,71
B,186,24.07063197,103
B,187,23.40895522,74
B,188,23.10703704,53
B,189,25.46826568,246
B,190,19.23210332,82
B,191,23.71135531,50
B,192,24.47712177,85
B,193,19.15055351,87
B,194,18.33198529,138
B,195,15.4837037,108
B,196,15.88470149,64
B,197,17.41710037,48
B,198,17.27765568,68
B,199,17.16494465,83
B,200,14.19256506,80
B,201,14.5866171,94
B,202,11.82205882,108
B,203,7.867037037,123
B,204,7.202197802,182
B,205,8.577121771,88
B,206,2.411029412,158
B,207,3.951660517,159
B,208,4.407434944,120
B,209,4.530258303,57
B,210,4.790938511,88
C,1,7.895625,17
C,2,10.55821918,29
C,3,7.182993197,12
C,4,7.76971831,17
C,5,6.076470588,14
C,6,7.584722222,23
C,7,8.016312057,26
C,8,8.546478873,24
C,9,8.267625899,22
C,10,10.17122302,22
C,11,10.14736842,17
C,12,9.610126582,17
C,13,7.524806202,25
C,14,11.85877863,23
C,15,12.44166667,24
C,16,13.79482759,10
C,17,11.26640625,14
C,18,13.27941176,15
C,19,15.23642857,28
C,20,12.9080292,9
C,21,10.58239437,28
C,22,11.44264706,12
C,23,15.57163121,19
C,24,17.16382979,18
C,25,17.48321678,13
C,26,16.26642336,10
C,27,16.75954198,16
C,28,16.12631579,9
C,29,19.10608696,14
C,30,19.51538462,8
C,31,18.35772358,13
C,32,19.53617021,25
C,33,16.32676056,4
C,34,16.91007752,36
C,35,19.80991736,29
C,36,20.40280374,17
C,37,19.88548387,13
C,38,19.26124031,27
C,39,15.74806202,24
C,40,16.4125,26
C,41,15.06638655,30
C,42,16.7677686,20
C,43,17.45897436,13
C,44,16.71052632,16
C,45,9.518811881,23
C,46,10.57956204,15
C,47,11.61407407,22
C,48,10.0125,24
C,49,7.301428571,27
C,50,7.895454545,21
C,51,8.305,15
C,52,7.955862069,22
C,53,8.172727273,4
C,54,8.306206897,17
C,55,6.780916031,8
C,56,4.602290076,25
C,57,6.569172932,24
C,58,3.453278689,78
C,59,7.233333333,16
C,60,7.2,10
C,61,9.446363636,12
C,62,9.472262774,15
C,63,9.590825688,17
C,64,8.501754386,12
C,65,9.482882883,17
C,66,12.14660194,20
C,67,12.4408,25
C,68,13.3515873,18
C,69,13.44565217,17
C,70,14.2,21
C,71,14.98661972,26
C,72,14.69270073,15
C,73,11.505,27
C,74,15.14202899,18
C,75,16.56363636,27
C,76,14.55915493,35
C,77,16.38666667,25
C,78,19.09054054,17
C,79,19.77251908,25
C,80,19.42318841,34
C,81,20.83826087,27
C,82,19.83061224,25
C,83,17.38692308,23
C,84,17.97278912,21
C,85,18.16388889,27
C,86,18.13953488,19
C,87,20.315,22
C,88,14.96643357,34
C,89,16.34328358,10
C,90,14.94583333,24
C,91,16.41780822,30
C,92,14.24027778,11
C,93,14.79663866,19
C,94,12.53034483,5
C,95,13.48188976,14
C,96,13.67972973,15
C,97,15.47272727,22
C,98,13.71166667,25
C,99,12.25153846,19
C,100,8.617391304,31
C,101,11.0494382,94
C,102,9.630555556,48
C,103,14.80549451,46
C,104,11.71653543,20
C,105,10.37538462,31
C,106,9.268148148,15
C,107,6.570588235,22
C,108,11.11626016,32
C,109,10.35394737,34
C,110,8.572463768,22
C,111,10.19866667,32
C,112,6.004225352,17
C,113,6.849659864,9
C,114,6.61971831,54
C,115,6.371631206,28
C,116,7.52,23
C,117,9.057446809,14
C,118,9.33986014,17
C,119,8.150666667,14
C,120,10.28108108,27
C,121,11.60529801,31
C,122,9.161486486,21
C,123,13.40728477,25
C,124,12.54966443,44
C,125,14.27682119,22
C,126,13.83266667,18
C,127,15.04475524,29
C,128,17.33402778,17
C,129,14.25410959,19
C,130,17.38333333,35
C,131,16.86258503,9
C,132,18.95915493,18
C,133,17.56126761,9
C,134,20.19133333,15
C,135,18.9755102,16
C,136,18.79276316,37
C,137,18.63907285,13
C,138,19.09383562,23
C,139,21.18561151,18
C,140,20.29655172,17
C,141,20.15310345,89
C,142,15.34326241,22
C,143,16.31020408,14
C,144,16.60584416,29
C,145,15.23586207,30
C,146,13.20492958,38
C,147,13.51088435,26
C,148,14.9537931,28
C,149,11.81959459,44
C,150,9.266216216,106
C,151,10.44013158,71
C,152,6.744444444,46
C,153,9.430718954,33
C,154,11.47647059,41
C,155,8.488961039,35
C,156,8.9375,18
C,157,7.376153846,18
C,158,9.844897959,25
C,159,6.94025974,20
C,160,7.226973684,20
C,161,3.781578947,141
C,162,6.656493506,55
C,163,10.10263158,33
C,164,7.312244898,25
C,165,9.516793893,28
C,166,9.894701987,16
C,167,9.319047619,42
C,168,12.48187919,49
C,169,10.81,42
C,170,6.509090909,54
C,171,12.17894737,62
C,172,12.16168831,61
C,173,13.12142857,30
C,174,12.86558442,49
C,175,8.730519481,60
C,176,13.332,34
C,177,14.6,57
C,178,14.84052288,43
C,179,17.49270073,60
C,180,15.82269504,265
C,181,16.6472973,71
C,182,19.23071895,100
C,183,20.12077922,134
C,184,15.31372549,83
C,185,19.36013514,68
C,186,18.4885906,87
C,187,18.40405405,61
C,188,19.18040541,49
C,189,18.24868421,107
C,190,15.94965986,77
C,191,19.525,65
C,192,20.04671053,70
C,193,17.42364865,85
C,194,16.89795918,173
C,195,14.77222222,99
C,196,15.80612245,38
C,197,17.0020979,41
C,198,17.40510949,47
C,199,17.05479452,80
C,200,14.65890411,88
C,201,15.4557047,68
C,202,12.17483444,87
C,203,9.067320261,93
C,204,9.296666667,84
C,205,11.27278912,46
C,206,5.253741497,42
C,207,8.665986395,112
C,208,7.275862069,100
C,209,7.12027027,40
C,210,9.053012048,73
D,1,7.36302521,8
D,2,11.0990099,12
D,3,7.61980198,4
D,4,7.9125,8
D,5,5.981553398,2
D,6,7.754081633,4
D,7,7.87244898,8
D,8,8.320192308,4
D,9,8.064444444,6
D,10,10.12333333,12
D,11,9.396666667,5
D,12,9.710638298,13
D,13,7.687755102,7
D,14,12.90217391,11
D,15,11.75813953,9
D,16,13.14823529,2
D,17,11.35425532,1
D,18,12.11881188,7
D,19,14.63263158,8
D,20,11.5184466,8
D,21,11.68058252,3
D,22,11.61862745,6
D,23,15.71941748,3
D,24,17.47244898,7
D,25,17.26730769,3
D,26,17.13611111,2
D,27,17.3625,13
D,28,15.74368932,3
D,29,19.84216867,3
D,30,19.4247191,3
D,31,18.36276596,8
D,32,20.38018868,8
D,33,16.50280374,3
D,34,16.27087379,11
D,35,19.55092593,16
D,36,19.725,8
D,37,20.14537037,4
D,38,20.40357143,9
D,39,15.8733945,8
D,40,17.01014493,10
D,41,16.25728155,5
D,42,18.02818182,4
D,43,16.39320388,4
D,44,17.25233645,5
D,45,10.18414634,13
D,46,11.55535714,7
D,47,12.56545455,3
D,48,11.63146067,9
D,49,7.794495413,12
D,50,8.328947368,6
D,51,8.646491228,3
D,52,7.749557522,4
D,53,6.99122807,0
D,54,7.217757009,2
D,55,6.848,3
D,56,4.393478261,15
D,57,6.962921348,10
D,58,3.174390244,23
D,59,5.958024691,7
D,60,6.837777778,2
D,61,9.037349398,4
D,62,9.4,3
D,63,9.073333333,5
D,64,7.969620253,7
D,65,8.255128205,4
D,66,10.88615385,15
D,67,12.16521739,12
D,68,13.9483871,10
D,69,13.9375,3
D,70,14.46074766,9
D,71,15.675,8
D,72,14.58165138,10
D,73,11.7,9
D,74,14.45625,11
D,75,17.60344828,9
D,76,15.51779661,11
D,77,16.05625,21
D,78,18.94736842,10
D,79,20.75981308,11
D,80,19.5661157,11
D,81,21.04456522,14
D,82,20.31206897,23
D,83,17.71037736,12
D,84,18.67627119,8
D,85,18.93050847,9
D,86,19.00740741,7
D,87,21.08548387,18
D,88,15.78095238,17
D,89,16.60084746,5
D,90,15.6,6
D,91,15.99032258,15
D,92,14.18617886,6
D,93,15.18,12
D,94,12.63076923,7
D,95,13.97207207,9
D,96,16.23454545,12
D,97,16.16808511,17
D,98,13.35425532,14
D,99,11.34020619,12
D,100,9.592523364,22
D,101,10.61129032,28
D,102,9.934117647,34
D,103,15.13529412,19
D,104,11.7,14
D,105,11,14
D,106,10.34454545,15
D,107,7.111650485,13
D,108,10.35294118,21
D,109,10.42357724,23
D,110,8.798095238,11
D,111,10.24672131,19
D,112,5.717117117,6
D,113,7.903252033,11
D,114,7.161788618,18
D,115,6.537096774,8
D,116,7.556,15
D,117,9.6392,5
D,118,10.76829268,8
D,119,8.785483871,6
D,120,12.01056911,13
D,121,11.85793651,17
D,122,9.245967742,12
D,123,13.95725806,4
D,124,13.80564516,21
D,125,14.11626016,12
D,126,15.2488,9
D,127,15.64285714,11
D,128,17.65887097,7
D,129,14.79262295,9
D,130,17.95950413,8
D,131,16.66532258,5
D,132,19.4015873,13
D,133,17.05371901,11
D,134,20.52741935,10
D,135,19.3088,9
D,136,18.964,15
D,137,18.76504065,5
D,138,19.9047619,9
D,139,22.06612903,13
D,140,20.0072,11
D,141,20.32845528,38
D,142,16.55483871,16
D,143,16.59206349,13
D,144,17.06370968,12
D,145,15.51826087,9
D,146,13.69596774,12
D,147,13.9248,8
D,148,14.72177419,10
D,149,11.62090909,22
D,150,9.180508475,37
D,151,10.39262295,21
D,152,8.04789916,19
D,153,9.738983051,8
D,154,10.98717949,17
D,155,9.375,13
D,156,8.91984127,10
D,157,7.030097087,11
D,158,10.45,6
D,159,5.116528926,18
D,160,7.420967742,13
D,161,4.1544,30
D,162,6.284920635,25
D,163,11.08032787,15
D,164,7.392241379,9
D,165,9.65,8
D,166,9.280952381,10
D,167,9.557723577,13
D,168,12.19596774,18
D,169,10.49126984,36
D,170,7.442975207,26
D,171,12.07777778,21
D,172,11.556,39
D,173,12.33467742,8
D,174,11.75952381,30
D,175,9.168548387,22
D,176,13.4892562,21
D,177,13.81428571,20
D,178,14.9536,25
D,179,18.3992,53
D,180,15.98421053,121
D,181,16.84661017,62
D,182,19.61157025,45
D,183,21.23253968,106
D,184,16.48474576,53
D,185,19.89593496,44
D,186,18.7031746,46
D,187,19.16587302,28
D,188,19.26904762,39
D,189,19.16422764,48
D,190,16.36111111,56
D,191,19.43902439,41
D,192,20.61935484,63
D,193,18.24715447,63
D,194,17.04552846,71
D,195,14.94537815,39
D,196,16.04065041,31
D,197,16.5952381,20
D,198,16.78196721,35
D,199,16.4888,48
D,200,15.52184874,64
D,201,14.27438017,39
D,202,12.55403226,59
D,203,9.780952381,44
D,204,8.705737705,52
D,205,11.1432,26
D,206,4.870588235,26
D,207,7.718333333,43
D,208,7.092561983,35
D,209,6.688617886,21
D,210,8.367391304,37
E,1,5.913707165,27
E,2,8.151660517,38
E,3,5.871119134,25
E,4,6.646153846,32
E,5,5.280487805,22
E,6,6.472161172,19
E,7,7.444055944,39
E,8,6.241877256,37
E,9,7.273170732,26
E,10,9.693425606,33
E,11,9.553030303,38
E,12,13.2537415,43
E,13,7.933447099,38
E,14,11.92419929,30
E,15,17.71538462,28
E,16,16.68636364,17
E,17,12.47878788,16
E,18,16.19442509,21
E,19,20.39758621,47
E,20,17.48916084,31
E,21,14.31219512,40
E,22,15.91223776,20
E,23,20.37421603,25
E,24,22.83241379,17
E,25,21.33079585,16
E,26,20.71347518,25
E,27,20.60689655,33
E,28,21.80736434,28
E,29,24.90316742,28
E,30,25.37029289,26
E,31,23.73893443,16
E,32,25.50294118,60
E,33,23.95222222,33
E,34,23.59360902,38
E,35,25.64889706,76
E,36,25.09220779,58
E,37,22.46475096,27
E,38,19.81634241,32
E,39,17.21120332,102
E,40,18.90342857,45
E,41,16.79411765,33
E,42,16.28613445,15
E,43,18.25434783,31
E,44,16.1126087,38
E,45,9.767676768,36
E,46,9.495769231,30
E,47,10.97211155,38
E,48,10.27792793,38
E,49,6.639382239,38
E,50,6.26,25
E,51,7.588435374,18
E,52,5.541077441,18
E,53,6.363157895,8
E,54,6.416838488,24
E,55,5.413207547,26
E,56,3.276408451,81
E,57,6.588541667,29
E,58,1.852727273,393
E,59,5.980902778,31
E,60,6.400343643,45
E,61,8.354054054,41
E,62,10.89113475,26
E,63,11.66457399,24
E,64,7.720168067,25
E,65,10.8536036,27
E,66,15.23814433,31
E,67,11.10674603,40
E,68,13.54689922,26
E,69,14.41459854,35
E,70,16.08326996,16
E,71,18.32619926,19
E,72,21.27596899,20
E,73,16.17252747,24
E,74,19.7975,21
E,75,22.50141343,58
E,76,19.61565836,29
E,77,20.88833922,36
E,78,25.1193662,36
E,79,28.24884615,145
E,80,28.89160305,135
E,81,28.45964126,145
E,82,27.65833333,132
E,83,27.04166667,68
E,84,27.2798419,140
E,85,23.88060837,97
E,86,24.72294372,27
E,87,24.17419355,26
E,88,21.57089552,36
E,89,20.70357143,26
E,90,17.79616858,19
E,91,19.73207547,32
E,92,17.60082305,30
E,93,16.40544554,21
E,94,15.30536398,26
E,95,14.22477477,79
E,96,13.70806452,26
E,97,14.20952381,19
E,98,12.75263158,37
E,99,10.37124464,33
E,100,7.8,50
E,101,9.54295302,95
E,102,8.83857868,58
E,103,10.54853801,47
E,104,7.751363636,24
E,105,8.763333333,13
E,106,9.180165289,24
E,107,5.674757282,14
E,108,8.079816514,45
E,109,8.419855596,54
E,110,7.844176707,24
E,111,10.10222222,22
E,112,5.267871486,15
E,113,6.82,17
E,114,7.465427509,50
E,115,5.938214286,13
E,116,8.492932862,51
E,117,9.603597122,22
E,118,10.35855513,14
E,119,9.968438538,11
E,120,11.95275862,18
E,121,12.22866894,22
E,122,13.2556701,16
E,123,14.11052632,13
E,124,12.17107143,26
E,125,17.91350365,15
E,126,17.2462406,19
E,127,18.54428044,22
E,128,23.44644068,28
E,129,18.89965398,13
E,130,23.85673759,13
E,131,25.67137809,32
E,132,26.25842294,42
E,133,25.6986014,36
E,134,26.48200692,54
E,135,27.88426573,132
E,136,26.76931034,132
E,137,24.17816901,14
E,138,25.50958904,28
E,139,26.32145329,42
E,140,25.84275618,106
E,141,26.18368056,357
E,142,17.77465278,31
E,143,19.80172414,43
E,144,19.72155477,52
E,145,19.68374558,20
E,146,14.42473498,29
E,147,15.62897527,35
E,148,16.72035088,48
E,149,13.23503401,54
E,150,8.187919463,90
E,151,9.094648829,74
E,152,6.989003436,39
E,153,9.078125,21
E,154,9.023928571,43
E,155,6.857857143,46
E,156,6.233574007,35
E,157,6.116666667,18
E,158,9.126190476,21
E,159,5.481071429,57
E,160,5.572125436,92
E,161,3.226551724,159
E,162,4.76722973,92
E,163,8.761486486,61
E,164,6.645544554,48
E,165,8.07756654,40
E,166,9.663636364,33
E,167,8.389644013,42
E,168,14.36,53
E,169,10.698,85
E,170,8.384641638,78
E,171,11.725,81
E,172,12.48595318,47
E,173,16.95608108,34
E,174,14.8220339,62
E,175,12.55612245,69
E,176,15.52862069,46
E,177,17.20305085,81
E,178,18.40304054,43
E,179,22.58823529,58
E,180,21.61188811,345
E,181,23.20135593,129
E,182,28.21584158,585
E,183,27.11580645,772
E,184,19.8089172,77
E,185,23.48795987,94
E,186,28.19055944,565
E,187,26.1458042,216
E,188,26.66979167,177
E,189,27.87852349,368
E,190,23.51993355,112
E,191,27.21414474,192
E,192,26.66872964,282
E,193,21.27650794,124
E,194,21.95352564,176
E,195,19.75439739,98
E,196,19.63409836,85
E,197,20.28514851,40
E,198,20.51042345,49
E,199,20.0150641,93
E,200,15.04612903,85
E,201,16.38996764,57
E,202,13.44915825,59
E,203,8.862876254,109
E,204,9.132394366,97
E,205,10.47516779,87
E,206,4.431506849,52
E,207,5.891582492,86
E,208,5.087762238,85
E,209,5.801980198,36
E,210,7.056358382,95
F,1,4.733992583,34
F,2,7.446270718,45
F,3,4.685481682,27
F,4,5.240082645,28
F,5,3.577899045,36
F,6,4.4625171,14
F,7,5.018095238,30
F,8,4.875871688,17
F,9,6.154607978,14
F,10,8.141307371,32
F,11,8.628744327,19
F,12,10.36912181,45
F,13,5.688571429,48
F,14,9.948309859,37
F,15,13.8465798,21
F,16,14.5998366,23
F,17,9.987315634,21
F,18,12.47321178,21
F,19,16.88091922,31
F,20,13.19209431,20
F,21,10.75608755,34
F,22,12.36435644,28
F,23,15.9337931,19
F,24,18.93722527,56
F,25,18.11172414,22
F,26,17.31858156,30
F,27,17.54723837,62
F,28,16.52702703,37
F,29,20.94209651,19
F,30,21.4977813,21
F,31,19.69844237,19
F,32,21.3029745,23
F,33,18.18718663,15
F,34,19.05546335,29
F,35,21.46777778,32
F,36,21.86009934,50
F,37,19.6889049,17
F,38,17.47168675,54
F,39,14.92628399,72
F,40,16.33736501,54
F,41,14.7660626,41
F,42,15.01692308,35
F,43,16.1223565,35
F,44,14.36619938,30
F,45,7.14728972,41
F,46,7.867791842,26
F,47,9.413253012,33
F,48,8.628465804,50
F,49,4.80610119,40
F,50,4.634186747,26
F,51,5.103862069,21
F,52,3.361179698,30
F,53,4.982843137,18
F,54,2.932524964,72
F,55,3.332484076,42
F,56,1.826347305,168
F,57,4.274474053,29
F,58,0.01230329,592
F,59,3.792644979,51
F,60,4.100834492,31
F,61,6.751363636,20
F,62,8.54198895,22
F,63,9.177617329,35
F,64,6.131649832,34
F,65,7.946875,22
F,66,11.76589595,27
F,67,10.30781499,41
F,68,11.51206897,28
F,69,12.0616573,32
F,70,13.02063274,30
F,71,14.93245125,25
F,72,17.0131728,28
F,73,11.69697802,35
F,74,15.93797468,25
F,75,20.8319242,45
F,76,16.27902299,44
F,77,17.02376238,40
F,78,21.73189033,24
F,79,23.90143541,36
F,80,23.21611511,53
F,81,24.54253076,40
F,82,22.62594203,49
F,83,20.74646302,27
F,84,21.42416303,23
F,85,19.64356846,28
F,86,20.35803432,23
F,87,20.73671429,32
F,88,17.01592539,61
F,89,17.29137931,24
F,90,14.02891738,29
F,91,16.15357644,40
F,92,13.97904192,37
F,93,13.17031873,37
F,94,11.39346812,22
F,95,12.51245487,32
F,96,11.80429043,41
F,97,12.75247525,41
F,98,11.00147874,51
F,99,7.302173913,53
F,100,6.349263502,80
F,101,7.002197802,144
F,102,5.596887967,65
F,103,9.20075188,58
F,104,5.51294964,32
F,105,6.347419355,30
F,106,7.370616883,46
F,107,4.297614679,39
F,108,6.855094991,57
F,109,6.607260274,53
F,110,5.598621746,48
F,111,8.603337969,32
F,112,2.941203704,74
F,113,4.882923497,46
F,114,5.07589404,78
F,115,4.128851175,44
F,116,5.027188329,37
F,117,7.373557047,37
F,118,7.732554945,51
F,119,7.081842105,40
F,120,9.2456,34
F,121,10.23967391,35
F,122,9.090688259,44
F,123,12.49636119,22
F,124,10.87795699,65
F,125,14.387214,33
F,126,13.74557823,27
F,127,15.17095047,42
F,128,19.16613119,32
F,129,14.28579161,23
F,130,20.37905405,19
F,131,20.56413793,14
F,132,23.28654646,37
F,133,20.03547523,29
F,134,22.28110661,23
F,135,23.24909847,11
F,136,21.87196653,50
F,137,20.54792818,22
F,138,21.2057423,23
F,139,23.89971871,25
F,140,21.90771388,30
F,141,22.032,167
F,142,14.85572626,28
F,143,16.16748299,28
F,144,16.45541838,37
F,145,15.50550964,25
F,146,11.82724758,40
F,147,12.63734266,30
F,148,14.4189415,51
F,149,10.18305085,53
F,150,6.145862553,157
F,151,7.702770083,97
F,152,4.845192308,75
F,153,6.611344538,40
F,154,6.361559889,51
F,155,5.170850202,42
F,156,4.47423231,22
F,157,3.82211838,45
F,158,6.283555556,40
F,159,3.827994616,51
F,160,4.323117569,34
F,161,1.115699208,393
F,162,2.914927345,96
F,163,7.247989276,60
F,164,4.88968254,27
F,165,6.597981366,31
F,166,7.928918919,24
F,167,6.904043127,23
F,168,11.3099455,52
F,169,10.0815261,74
F,170,5.445555556,86
F,171,9.440308989,74
F,172,10.95264624,80
F,173,13.80123626,61
F,174,13.02614108,96
F,175,9.013443073,98
F,176,12.77265193,55
F,177,14.08527778,93
F,178,15.10876712,81
F,179,20.10127298,136
F,180,17.75483405,335
F,181,19.46383866,129
F,182,24.90621387,189
F,183,23.70401662,359
F,184,15.8425952,150
F,185,20.86585714,165
F,186,22.6450565,182
F,187,21.44907539,132
F,188,21.62760563,108
F,189,22.07390071,120
F,190,17.80773558,152
F,191,22.37974504,101
F,192,22.89278642,124
F,193,17.77893962,156
F,194,17.80375522,204
F,195,14.9466759,172
F,196,16.03847222,130
F,197,16.93911846,85
F,198,17.69480874,82
F,199,16.89174964,159
F,200,12.67316384,116
F,201,13.82657534,139
F,202,10.52687585,154
F,203,6.623066486,175
F,204,6.946666667,229
F,205,7.881518625,106
F,206,1.555028736,243
F,207,3.990364964,200
F,208,3.848830409,315
F,209,4.38832853,87
F,210,5.162531017,132
G,1,6.860827251,107
G,2,8.943431635,164
G,3,6.753846154,111
G,4,7.24895288,199
G,5,5.75144357,132
G,6,7.205181347,102
G,7,8.716624685,173
G,8,7.870184697,158
G,9,7.062565445,108
G,10,9.224739583,124
G,11,11.08637681,106
G,12,13.26201117,374
G,13,8.995454545,217
G,14,12.83189189,257
G,15,15.41927711,156
G,16,14.52065868,160
G,17,13.52697548,144
G,18,14.1154047,120
G,19,17.19071618,223
G,20,14.35147453,181
G,21,15.05512465,204
G,22,14.72032967,138
G,23,18.9531746,138
G,24,22.45729443,165
G,25,19.76736842,123
G,26,20.52085561,137
G,27,20.49487179,146
G,28,19.03502825,124
G,29,23.47045455,119
G,30,22.52122186,101
G,31,21.5607362,113
G,32,23.61973684,252
G,33,21.10739796,118
G,34,20.27736842,145
G,35,22.87371134,186
G,36,21.97278287,210
G,37,21.98928571,156
G,38,20.97050562,284
G,39,16.87761628,523
G,40,18.3248,242
G,41,18.47857143,192
G,42,17.43442136,170
G,43,17.36482558,159
G,44,15.30125,187
G,45,10.42509363,371
G,46,10.29643836,241
G,47,11.72477612,204
G,48,13.0733564,200
G,49,7.343626062,259
G,50,7.004451039,234
G,51,8.518082192,161
G,52,5.590027701,117
G,53,7.19952381,44
G,54,6.99281768,120
G,55,7.117804154,166
G,56,4.915616438,334
G,57,6.125396825,193
G,58,2.320588235,422
G,59,6.510655738,176
G,60,6.94296875,151
G,61,8.099710983,175
G,62,9.958354756,119
G,63,11.15704467,179
G,64,9.571760797,240
G,65,11.19833887,176
G,66,13.32230769,184
G,67,11.06938776,162
G,68,14.32807018,229
G,69,14.79764398,183
G,70,15.58359375,242
G,71,18.26318538,210
G,72,19.05625,147
G,73,14.93816794,205
G,74,17.56512821,175
G,75,20.96528497,225
G,76,20.25205128,234
G,77,19.78814433,346
G,78,22.49818653,241
G,79,25.66103152,464
G,80,25.56141732,564
G,81,25.87402597,640
G,82,25.12311978,470
G,83,22.59107692,247
G,84,24.59046322,272
G,85,21.92857143,208
G,86,21.5324159,158
G,87,22.55926966,186
G,88,19.61939891,271
G,89,18.85115607,207
G,90,18.48469945,233
G,91,17.41924119,210
G,92,15.57074468,188
G,93,16.32327273,165
G,94,13.98760563,177
G,95,14.22159468,243
G,96,14.13657143,214
G,97,14.9533101,299
G,98,13.8020339,276
G,99,10.64038462,276
G,100,7.192923077,465
G,101,9.064,924
G,102,8.969019608,779
G,103,9.586098655,374
G,104,8.805818182,213
G,105,9.4525,145
G,106,9.70621118,240
G,107,6.932432432,225
G,108,7.394333333,250
G,109,9.597567568,295
G,110,8.752507375,206
G,111,10.06490765,218
G,112,6.050571429,178
G,113,8.774193548,174
G,114,8.563421053,473
G,115,6.443636364,211
G,116,7.824870466,251
G,117,10.76951872,179
G,118,11.97380952,171
G,119,11.09787234,230
G,120,13.97579787,247
G,121,12.98133333,273
G,122,10.84070081,158
G,123,13.89466667,193
G,124,13.9811828,272
G,125,16.05163043,183
G,126,17.14054054,212
G,127,17.15054054,224
G,128,20.85893333,178
G,129,17.73288043,159
G,130,21.52237569,160
G,131,22.78967391,217
G,132,24.91123288,185
G,133,22.12116992,180
G,134,23.49475138,154
G,135,24.78888889,183
G,136,24.33835227,285
G,137,22.06666667,164
G,138,23.56888889,203
G,139,23.52209632,175
G,140,23.8969863,206
G,141,23.74495913,516
G,142,18.56875,213
G,143,18.7099723,285
G,144,18.73523035,304
G,145,17.5325779,181
G,146,14.22038567,217
G,147,14.42299169,243
G,148,16.24763231,280
G,149,12.97078652,379
G,150,9.287165775,817
G,151,10.06961039,629
G,152,9.83648294,413
G,153,7.494680851,250
G,154,8.667368421,314
G,155,7.076253298,292
G,156,7.192947103,176
G,157,6.770857143,121
G,158,7.813333333,140
G,159,4.4395,235
G,160,5.509,267
G,161,3.868274112,993
G,162,5.589378238,481
G,163,9.015681234,267
G,164,7.924111675,211
G,165,9.940114613,234
G,166,9.408188586,184
G,167,9.293316832,260
G,168,13.14605911,380
G,169,12.57747525,434
G,170,9.74725,435
G,171,11.47696078,541
G,172,13.11268657,357
G,173,15.1285,299
G,174,12.5319797,392
G,175,11.05138539,453
G,176,14.08886139,308
G,177,15.56157635,439
G,178,17.03679012,488
G,179,20.59850374,548
G,180,19.07099237,2295
G,181,20.46828645,626
G,182,25.34746193,1432
G,183,24.84962025,1015
G,184,19.9679803,615
G,185,23.21542289,574
G,186,24.54511278,757
G,187,23.8380597,550
G,188,23.50124069,534
G,189,26.68059701,2166
G,190,20.7855,697
G,191,24.11654135,347
G,192,24.82311558,562
G,193,21.52035176,984
G,194,19.78816121,1252
G,195,17.03689567,782
G,196,17.26701299,581
G,197,18.26208651,554
G,198,18.48664987,526
G,199,18.0379397,707
G,200,16.32169576,693
G,201,15.59924812,621
G,202,13.46890547,960
G,203,8.325641026,1000
G,204,8.541959799,981
G,205,10.13383085,510
G,206,3.970223325,798
G,207,5.186180905,1053
G,208,5.701995012,889
G,209,5.650247525,437
G,210,6.230885529,619
H,1,8.002578797,8
H,2,10.86870748,20
H,3,8.344224422,14
H,4,8.864356436,15
H,5,7.492810458,10
H,6,8.223905724,6
H,7,8.920860927,13
H,8,8.184039088,13
H,9,10.16621622,11
H,10,12.23186441,12
H,11,12.15430712,11
H,12,14.61323529,26
H,13,8.813422819,25
H,14,12.38515901,23
H,15,18.62946058,8
H,16,17.00443548,6
H,17,13.19787234,5
H,18,18.34885246,8
H,19,21.63051948,17
H,20,20.91270903,11
H,21,14.2590604,14
H,22,17.56103896,9
H,23,19.76583851,5
H,24,24.27300613,15
H,25,21.83765432,4
H,26,20.52507937,19
H,27,20.53275261,14
H,28,24.35033333,8
H,29,24.83510204,11
H,30,25.61511628,26
H,31,24.10226415,11
H,32,24.88551724,12
H,33,24.80221519,4
H,34,24.03814103,9
H,35,26.01791531,27
H,36,25.13660377,16
H,37,22.50894569,7
H,38,19.83629893,11
H,39,18.34930556,26
H,40,20.44583333,17
H,41,17.55371901,11
H,42,18.05546875,3
H,43,20.40875912,17
H,44,17.75153846,5
H,45,11.39158879,12
H,46,11.62060811,19
H,47,13.48259259,11
H,48,11.70219298,23
H,49,8.582274247,22
H,50,7.955081967,14
H,51,8.362769231,13
H,52,7.76728972,12
H,53,7.719672131,5
H,54,6.951724138,19
H,55,7.320905923,7
H,56,5.993581081,15
H,57,8.746496815,16
H,58,4.672468354,52
H,59,8.181055901,9
H,60,8.7625,5
H,61,10.49797297,14
H,62,12.43944954,7
H,63,13.72109375,10
H,64,9.844765343,9
H,65,13.08880309,12
H,66,18.09122807,20
H,67,13.58291815,15
H,68,14.52779783,3
H,69,15.749375,4
H,70,16.5788162,9
H,71,18.22776025,12
H,72,22.83934426,10
H,73,19.01406728,6
H,74,22.64254658,13
H,75,25.59221184,42
H,76,20.67337461,11
H,77,23.43034056,12
H,78,25.89,44
H,79,26.66482759,57
H,80,27.75946844,44
H,81,28.36771654,80
H,82,27.2927673,64
H,83,26.83368794,39
H,84,26.98575949,57
H,85,23.64085366,13
H,86,24.89520548,8
H,87,24.51639871,7
H,88,22.11383648,23
H,89,22.07725753,12
H,90,18.69394904,5
H,91,22.15269841,9
H,92,20.16644518,4
H,93,17.33303167,7
H,94,17.24113712,4
H,95,16.11616541,7
H,96,15.67642276,10
H,97,16.63360656,22
H,98,15.24063745,10
H,99,11.66509091,11
H,100,10.25744681,36
H,101,12.06219512,43
H,102,10.80432692,26
H,103,12.68809524,23
H,104,9.192827004,16
H,105,10.15,8
H,106,10.60932836,11
H,107,8.147083333,20
H,108,10.70585774,13
H,109,9.266123779,16
H,110,9.929830508,15
H,111,11.49076923,15
H,112,7.535932203,5
H,113,8.295783133,8
H,114,9.197297297,22
H,115,8.675820896,14
H,116,9.970987654,14
H,117,10.5859375,11
H,118,10.7433657,10
H,119,11.63712575,9
H,120,12.47950311,12
H,121,13.8,8
H,122,15.27264438,8
H,123,15.56545455,5
H,124,12.87423313,19
H,125,19.32964072,8
H,126,16.58622754,3
H,127,19.10060606,14
H,128,23.27134146,6
H,129,19.24759036,9
H,130,25.48018018,26
H,131,26.79878049,24
H,132,27.85079365,44
H,133,26.97530864,24
H,134,27.6690184,24
H,135,28.64850299,35
H,136,28.16447761,155
H,137,27.83630952,56
H,138,25.3610119,20
H,139,28.63693694,60
H,140,27.27897898,32
H,141,27.12259036,272
H,142,19.98993902,13
H,143,20.8941896,7
H,144,21.52925373,16
H,145,20.53402985,14
H,146,15.47945619,40
H,147,17.77713415,13
H,148,18.66204819,32
H,149,15.05579268,30
H,150,10.3742515,42
H,151,11.29671642,32
H,152,8.476119403,20
H,153,11.02018072,8
H,154,11.74642857,12
H,155,8.565861027,19
H,156,8.429393939,12
H,157,8.185714286,8
H,158,10.93409091,6
H,159,8.418902439,17
H,160,8.179640719,17
H,161,5.365337423,46
H,162,6.957738095,17
H,163,10.92606061,22
H,164,8.419219219,12
H,165,10.2122807,10
H,166,11.57142857,12
H,167,9.492424242,10
H,168,15.3547619,16
H,169,13.0367284,9
H,170,8.638343558,25
H,171,13.10124611,24
H,172,15.63700306,23
H,173,18.56280488,11
H,174,18.53395639,28
H,175,14.73386076,21
H,176,16.69666667,11
H,177,18.23850932,22
H,178,20.11661442,18
H,179,23.42054381,26
H,180,22.44492308,81
H,181,24.49969697,29
H,182,30.09574468,485
H,183,27.59512195,640
H,184,20.47349398,40
H,185,24.43952096,30
H,186,28.95545455,340
H,187,24.90306748,34
H,188,28.0409375,125
H,189,26.92055215,144
H,190,24.74893617,31
H,191,28.48720238,115
H,192,27.29459459,132
H,193,23.14587459,43
H,194,24.04099379,49
H,195,21.28712575,46
H,196,21.22036474,43
H,197,22.2130303,18
H,198,24.32787879,34
H,199,22.8820122,87
H,200,17.28978328,51
H,201,19.34542683,22
H,202,15.73128834,32
H,203,11.91498471,49
H,204,12.16544343,50
H,205,13.39392097,34
H,206,7.424,21
H,207,8.633738602,31
H,208,7.485670732,37
H,209,8.363125,28
H,210,9.489166667,22
I,1,8.20819209,30
I,2,10.11736111,44
I,3,7.561056106,43
I,4,8.551746032,38
I,5,7.058466454,35
I,6,7.516339869,38
I,7,7.741077441,29
I,8,8.6275,28
I,9,8.987540984,33
I,10,11.27348993,32
I,11,12.46113208,37
I,12,11.57385621,74
I,13,8.172955975,47
I,14,11.73059211,36
I,15,15.44576923,37
I,16,15.44344569,23
I,17,10.78717105,19
I,18,14.56205788,40
I,19,15.67777778,45
I,20,15.83410596,36
I,21,10.73333333,54
I,22,13.2379661,30
I,23,15.20393443,42
I,24,19.09055375,35
I,25,19.09537954,27
I,26,17.00844595,35
I,27,17.28374558,66
I,28,17.90865052,18
I,29,19.26378601,25
I,30,21.1988189,20
I,31,19.67894737,24
I,32,19.60033003,56
I,33,17.49383117,22
I,34,18.01644295,56
I,35,19.915,68
I,36,21.14166667,28
I,37,20.45838926,28
I,38,18.64074074,43
I,39,17.38350877,69
I,40,17.586,71
I,41,15.02470588,57
I,42,16.53014706,25
I,43,18.94489051,40
I,44,16.44899598,42
I,45,10.22941176,58
I,46,10.83832117,39
I,47,11.89151292,32
I,48,9.906451613,50
I,49,8.217241379,60
I,50,8.225874126,58
I,51,9.021202532,28
I,52,8.01461039,20
I,53,7.715846995,22
I,54,8.099680511,34
I,55,6.890035587,38
I,56,6.918910256,69
I,57,7.596474359,22
I,58,4.601910828,143
I,59,7.794025157,31
I,60,7.458125,36
I,61,9.273356401,22
I,62,10.79329073,22
I,63,10.59191489,44
I,64,10.32045455,32
I,65,10.31493776,35
I,66,14.1,36
I,67,14.16462094,32
I,68,13.14802867,35
I,69,13.24313099,25
I,70,13.72180685,33
I,71,14.45709779,32
I,72,16.62413793,19
I,73,13.74675325,30
I,74,16.81590909,32
I,75,18.99120521,50
I,76,16.34379085,34
I,77,19.66314103,52
I,78,19.99901639,47
I,79,20.16433566,48
I,80,20.61533333,37
I,81,21.58455285,46
I,82,20.50033333,39
I,83,19.71428571,33
I,84,18.87913907,34
I,85,18.30733333,58
I,86,19.47230216,28
I,87,20.1013289,48
I,88,17.75616883,82
I,89,17.01538462,32
I,90,15.08746082,37
I,91,17.36993243,40
I,92,15.41457627,18
I,93,15.05198238,24
I,94,14.76585366,15
I,95,14.93650794,44
I,96,14.02898551,30
I,97,16.12446352,54
I,98,13.98122271,72
I,99,12.25132075,56
I,100,9.121111111,118
I,101,10.93192771,168
I,102,9.275247525,109
I,103,14.86329787,90
I,104,11.65537849,40
I,105,10.60151515,51
I,106,9.513307985,43
I,107,7.415418502,31
I,108,11.51518987,52
I,109,9.321069182,70
I,110,8.996193772,41
I,111,10.54398734,47
I,112,7.289323843,26
I,113,7.521153846,22
I,114,7.989677419,87
I,115,8.496416938,42
I,116,8.877631579,52
I,117,10.16179402,24
I,118,9.343197279,30
I,119,9.413442623,45
I,120,10.15980707,46
I,121,12.77866242,45
I,122,11.60641026,21
I,123,14.56848875,31
I,124,12.64096774,81
I,125,15.07119741,31
I,126,14.20263158,32
I,127,16.27795527,38
I,128,18.03354839,45
I,129,15.22090032,31
I,130,19.51672131,38
I,131,18.89707792,22
I,132,21.46040268,34
I,133,20.14982818,33
I,134,21.40298013,45
I,135,21.92335526,26
I,136,21.59120521,71
I,137,21.43704918,45
I,138,19.367,38
I,139,22.31288136,51
I,140,21.57275748,39
I,141,20.62913907,189
I,142,16.05695793,39
I,143,16.88713826,29
I,144,16.80825083,56
I,145,15.25633333,35
I,146,13.74448161,42
I,147,15.02178218,35
I,148,17.15313531,87
I,149,13.31490066,97
I,150,9.991275168,202
I,151,11.13442623,159
I,152,7.088461538,133
I,153,10.38557692,53
I,154,12.25787781,97
I,155,8.906289308,49
I,156,8.88875,34
I,157,7.02,38
I,158,10.14301075,66
I,159,8.895765472,76
I,160,7.218333333,60
I,161,5.034313725,165
I,162,6.923529412,99
I,163,10.07070707,73
I,164,7.781063123,30
I,165,10.08648649,32
I,166,11.14345048,38
I,167,9.559807074,38
I,168,12.95189873,99
I,169,12.86613924,76
I,170,7.522829582,112
I,171,12.425,142
I,172,14.40393443,95
I,173,15.4140625,66
I,174,15.93113208,83
I,175,10.58275862,98
I,176,14.88875,77
I,177,16.99937695,91
I,178,16.38566775,87
I,179,19.20227273,160
I,180,16.92931596,425
I,181,17.23211921,133
I,182,22.0370607,229
I,183,21.67320872,543
I,184,16.54285714,164
I,185,20.99748428,190
I,186,21.0200627,221
I,187,18.66455696,123
I,188,20.11242236,113
I,189,19.77173913,226
I,190,18.37,161
I,191,21.5431677,101
I,192,21.80404984,159
I,193,18.37554859,255
I,194,18.13226837,328
I,195,15.70705128,205
I,196,16.18146965,206
I,197,17.70766773,101
I,198,19.56580645,140
I,199,17.95365079,302
I,200,14.35416667,193
I,201,16.53806452,210
I,202,13.00914826,229
I,203,9.92943038,176
I,204,10.45496894,313
I,205,11.11900312,196
I,206,5.62875,137
I,207,8.445625,211
I,208,7.316242038,175
I,209,8.011146497,125
I,210,9.177994429,155
J,1,5.596428571,4
J,2,7.447826087,7
J,3,5.590384615,0
J,4,6.585714286,2
J,5,4.681481481,3
J,6,6.05,2
J,7,6.904,1
J,8,6.239215686,0
J,9,7,2
J,10,8.696,0
J,11,9.354347826,1
J,12,11.0826087,7
J,13,6.545833333,4
J,14,12.458,3
J,15,14.22619048,2
J,16,14.89545455,5
J,17,11.282,4
J,18,12.58214286,9
J,19,15.66981132,3
J,20,12.28679245,7
J,21,13.578,2
J,22,12.29038462,3
J,23,17.37407407,2
J,24,20.34081633,6
J,25,18.91923077,3
J,26,18.38444444,3
J,27,18.18367347,10
J,28,16.1122449,3
J,29,21.76829268,5
J,30,20.87272727,5
J,31,19.57111111,4
J,32,22.14716981,5
J,33,17.99454545,2
J,34,17.79090909,2
J,35,21.92142857,6
J,36,22.09545455,2
J,37,20.83396226,3
J,38,19.88125,3
J,39,15.19038462,4
J,40,17.41290323,6
J,41,16.46136364,4
J,42,17.07674419,1
J,43,16.25555556,4
J,44,13.59130435,0
J,45,8.3,6
J,46,8.495833333,3
J,47,9.843478261,4
J,48,10.15263158,6
J,49,5.258823529,2
J,50,5.8125,11
J,51,7.234615385,1
J,52,4.819642857,8
J,53,6.5125,0
J,54,5.451785714,1
J,55,4.051111111,2
J,56,2.405660377,12
J,57,5.5,4
J,58,0.126923077,56
J,59,3.863461538,0
J,60,4.478181818,4
J,61,7.7,5
J,62,9.819230769,2
J,63,10.68333333,0
J,64,6.844736842,2
J,65,8.1125,5
J,66,11.85172414,4
J,67,10.5875,2
J,68,13.44857143,1
J,69,13.65384615,8
J,70,14.43095238,4
J,71,17.5,1
J,72,18.23947368,5
J,73,12.3,2
J,74,15.52857143,0
J,75,21.84042553,0
J,76,17.55957447,7
J,77,17.07755102,6
J,78,22.13673469,10
J,79,25.86041667,2
J,80,22.7509434,3
J,81,24.58888889,3
J,82,22.53773585,4
J,83,19.46222222,5
J,84,21.13111111,5
J,85,20.818,3
J,86,20.94888889,2
J,87,22.12954545,9
J,88,16.092,6
J,89,17.54230769,0
J,90,15.17636364,5
J,91,16.26727273,7
J,92,14.3,4
J,93,14,1
J,94,11.10652174,0
J,95,12.4,2
J,96,12.875,1
J,97,12.78333333,6
J,98,11.58529412,3
J,99,9.680555556,1
J,100,7.16097561,8
J,101,7.36,24
J,102,6.7875,15
J,103,8.084615385,3
J,104,5.07,1
J,105,7.443478261,3
J,106,8.779245283,1
J,107,5.141463415,4
J,108,6.341860465,3
J,109,6.675,4
J,110,6.414285714,5
J,111,9.389090909,4
J,112,3.812244898,9
J,113,6.828,3
J,114,5.837735849,6
J,115,4.405454545,4
J,116,5.416363636,10
J,117,8.2875,6
J,118,9.109259259,7
J,119,7.785714286,2
J,120,11.02678571,5
J,121,10.80566038,7
J,122,8.875,6
J,123,13.22321429,6
J,124,12.54821429,16
J,125,15.02678571,1
J,126,16.08181818,5
J,127,15.88392857,4
J,128,19.64821429,5
J,129,15.16964286,3
J,130,20.13392857,2
J,131,19.55090909,4
J,132,23.12142857,1
J,133,18.97037037,2
J,134,21.84150943,9
J,135,21.88113208,1
J,136,21.44727273,12
J,137,19.98571429,4
J,138,21.38392857,8
J,139,23.65,7
J,140,21.97142857,4
J,141,22.15357143,18
J,142,15.61785714,1
J,143,16.51607143,4
J,144,17.37142857,4
J,145,15.67636364,2
J,146,12.10535714,7
J,147,12.31785714,3
J,148,14.53392857,7
J,149,10.12909091,6
J,150,7.6875,8
J,151,9.080357143,7
J,152,5.194642857,6
J,153,6.266071429,3
J,154,6.551785714,7
J,155,5.553571429,10
J,156,6.851785714,2
J,157,3.852083333,3
J,158,5.138888889,4
J,159,4.114545455,10
J,160,5.594642857,4
J,161,1.683928571,36
J,162,3.526785714,11
J,163,8.04,6
J,164,5.543636364,3
J,165,7.354166667,2
J,166,8.026785714,1
J,167,8.041071429,3
J,168,12.66037736,7
J,169,10.75185185,14
J,170,6.916071429,12
J,171,10.69423077,12
J,172,11.38392857,16
J,173,13.92857143,7
J,174,12.26415094,17
J,175,9.147169811,18
J,176,13.39464286,8
J,177,14.38,11
J,178,15.51666667,16
J,179,21.25961538,20
J,180,17.18703704,44
J,181,19.31428571,15
J,182,23.95535714,47
J,183,23.96964286,34
J,184,16.31636364,24
J,185,22.225,15
J,186,21.02321429,15
J,187,22.34727273,16
J,188,21.83571429,23
J,189,22.78571429,32
J,190,17.76785714,15
J,191,21.89642857,23
J,192,23.46428571,14
J,193,17.66607143,19
J,194,17.24464286,22
J,195,14.5375,40
J,196,15.8375,19
J,197,16.86964286,8
J,198,16.38571429,10
J,199,16.31636364,26
J,200,14.00357143,17
J,201,13.72115385,23
J,202,10.72678571,34
J,203,7.548148148,32
J,204,7.741818182,47
J,205,8.02037037,25
J,206,2.578571429,46
J,207,5.033928571,23
J,208,5.066071429,28
J,209,5.558928571,22
J,210,5.503125,24
K,1,5.57,197
K,2,7.477142857,373
K,3,4.592173913,207
K,4,5.649579832,290
K,5,4.25862069,204
K,6,4.513274336,153
K,7,5.284482759,289
K,8,4.733333333,219
K,9,6.629090909,213
K,10,9.081730769,238
K,11,8.976,233
K,12,11.46285714,365
K,13,6.045299145,379
K,14,10.21160714,331
K,15,16.15959596,275
K,16,15.87346939,171
K,17,10.7631068,187
K,18,14.64636364,224
K,19,19.03831776,372
K,20,16.21495327,220
K,21,12.13097345,350
K,22,14.03109244,254
K,23,18.591,215
K,24,20.99907407,250
K,25,19.87130435,199
K,26,19.26759259,270
K,27,18.93207547,369
K,28,20.05714286,180
K,29,23.3987013,231
K,30,24.53928571,195
K,31,22.31888889,179
K,32,23.98019802,296
K,33,22.24,134
K,34,22.20769231,254
K,35,24.51238095,264
K,36,23.96823529,241
K,37,21.17821782,226
K,38,18.29514563,371
K,39,16.11041667,591
K,40,17.64202899,356
K,41,15.33958333,338
K,42,14.742,205
K,43,17.57087379,233
K,44,15.19494949,261
K,45,8.65,382
K,46,8.068367347,285
K,47,9.996842105,269
K,48,9.155421687,329
K,49,5.648888889,330
K,50,5.277173913,300
K,51,6.895833333,197
K,52,5.153191489,166
K,53,5.792,88
K,54,6.029787234,178
K,55,3.988541667,450
K,56,2.664,898
K,57,6.169607843,238
K,58,1.219791667,2127
K,59,5.428571429,214
K,60,5.941414141,220
K,61,7.954347826,246
K,62,9.528440367,204
K,63,10.01538462,277
K,64,6.287234043,257
K,65,8.787951807,288
K,66,14.1525,258
K,67,10.50212766,283
K,68,11.89405941,253
K,69,12.66517857,308
K,70,13.93693694,357
K,71,16.00555556,250
K,72,19.3029703,251
K,73,13.85272727,291
K,74,18.64433962,272
K,75,21.8622449,399
K,76,17.67592593,403
K,77,19.5962963,458
K,78,23.75428571,368
K,79,26.57473684,1317
K,80,27.1146789,1480
K,81,27.15402299,1492
K,82,25.6815534,784
K,83,24.69677419,307
K,84,25.06,772
K,85,21.78468468,302
K,86,22.86326531,238
K,87,21.94095238,326
K,88,19.41636364,393
K,89,19.25267857,424
K,90,15.4990991,309
K,91,18.26238532,422
K,92,15.90517241,272
K,93,14.64823529,240
K,94,12.88349515,297
K,95,13.23222222,351
K,96,12.91428571,340
K,97,12.74473684,436
K,98,12.64767442,454
K,99,9.340217391,449
K,100,6.728409091,822
K,101,8.748529412,1612
K,102,7.22987013,1083
K,103,8.936619718,627
K,104,6.585227273,297
K,105,6.853061224,189
K,106,7.692222222,325
K,107,3.871264368,530
K,108,6.446511628,368
K,109,7.198165138,592
K,110,6.156730769,344
K,111,8.691509434,322
K,112,3.162376238,410
K,113,5.091891892,239
K,114,5.523148148,656
K,115,4.640540541,410
K,116,6.056363636,427
K,117,7.91372549,324
K,118,7.994444444,307
K,119,8.059130435,370
K,120,9.30862069,416
K,121,10.48067227,481
K,122,11.22931034,318
K,123,12.94513274,310
K,124,10.57155963,539
K,125,15.90982143,283
K,126,14.67118644,335
K,127,16.46504854,395
K,128,21.38411215,287
K,129,16.1375,262
K,130,22.54957983,265
K,131,24.44561404,245
K,132,25.31057692,596
K,133,23.99320388,267
K,134,24.57256637,274
K,135,26.55798319,831
K,136,25.36465517,1278
K,137,22.93773585,242
K,138,23.78584906,343
K,139,25.07758621,762
K,140,24.64273504,376
K,141,24.66964286,1041
K,142,15.96607143,369
K,143,17.76396396,372
K,144,17.77410714,419
K,145,17.80769231,378
K,146,12.49912281,385
K,147,13.7008547,372
K,148,15.34117647,563
K,149,11.26153846,647
K,150,6.655932203,1268
K,151,7.678899083,1115
K,152,4.781481481,656
K,153,7.346296296,468
K,154,7.958035714,534
K,155,6.144915254,486
K,156,5.731967213,265
K,157,6.481372549,248
K,158,6.63,286
K,159,4.771794872,465
K,160,4.63553719,460
K,161,2.2624,2244
K,162,3.098275862,1064
K,163,7.109565217,412
K,164,4.571900826,335
K,165,6.466019417,303
K,166,8.5944,294
K,167,6.93968254,402
K,168,12.708,779
K,169,10.99831933,999
K,170,6.29266055,1072
K,171,10.13423423,1258
K,172,11.97478261,986
K,173,15.95462185,611
K,174,14.18823529,944
K,175,10.69322034,1069
K,176,13.95,732
K,177,15.59,1013
K,178,16.65967742,865
K,179,21.50336134,1513
K,180,19.86034483,4141
K,181,21.73247863,1625
K,182,27.5982906,7040
K,183,25.51428571,4746
K,184,17.61176471,1478
K,185,21.4487395,2277
K,186,26.02711864,10467
K,187,23.86101695,2860
K,188,24.35630252,2516
K,189,25.58403361,5738
K,190,20.89745763,2964
K,191,25.58403361,5180
K,192,24.78319328,2961
K,193,19.3826087,3240
K,194,20.05299145,3913
K,195,17.2092437,3244
K,196,17.8092437,2884
K,197,18.5512605,2553
K,198,19.42695652,2770
K,199,18.33189655,3043
K,200,13.28739496,2808
K,201,15.3789916,2581
K,202,11.48644068,3091
K,203,7.404237288,3213
K,204,8.452941176,3611
K,205,8.760504202,2481
K,206,2.65,5876
K,207,5.175423729,3313
K,208,4.086440678,3445
K,209,5.464705882,2223
K,210,5.681679389,2269
L,1,10.96954023,13
L,2,10.7625,24
L,3,10.66855346,14
L,4,11.89493671,24
L,5,10.81823899,11
L,6,11.54654088,15
L,7,13.28695652,24
L,8,11.78125,29
L,9,12.26967742,19
L,10,12.57337662,16
L,11,11.81103448,20
L,12,15.12151899,41
L,13,12.806,40
L,14,16.14489796,18
L,15,18.8625,19
L,16,18.96666667,17
L,17,18.54362416,9
L,18,19.20136054,20
L,19,20.27070064,47
L,20,18.06038961,28
L,21,18.49657534,21
L,22,19.2442953,23
L,23,22.794375,22
L,24,24.44203822,22
L,25,22.83757962,12
L,26,23.91698113,32
L,27,24.36180556,44
L,28,25.11496599,32
L,29,26.8779661,51
L,30,26.4008,84
L,31,26.96846154,33
L,32,26.96582278,63
L,33,26.989375,18
L,34,25.57974684,44
L,35,27.41351351,112
L,36,27.36557377,80
L,37,26.35410959,51
L,38,24.15496689,24
L,39,20.85443038,30
L,40,21.51818182,34
L,41,20.94087591,21
L,42,19.90068493,13
L,43,20.65177305,30
L,44,17.90298507,12
L,45,14.64132231,27
L,46,13.87310345,17
L,47,13.83146853,17
L,48,14.33196721,36
L,49,11.29797297,31
L,50,10.07375887,23
L,51,11.6013986,24
L,52,9.815277778,11
L,53,9.980952381,16
L,54,9.914864865,14
L,55,9.735862069,18
L,56,7.864375,22
L,57,11.65506329,15
L,58,7.087741935,130
L,59,9.629220779,27
L,60,10.79358974,17
L,61,13.86666667,13
L,62,13.49811321,21
L,63,14.09166667,29
L,64,10.79327731,32
L,65,15.0984375,35
L,66,17.51351351,24
L,67,12.78943662,30
L,68,16.27676056,13
L,69,17.4621118,21
L,70,20.10451613,24
L,71,21.85128205,23
L,72,22.45432099,25
L,73,18.27901235,32
L,74,20.51084337,21
L,75,22.00487805,21
L,76,22.56526946,29
L,77,22.34534161,22
L,78,25.67272727,50
L,79,27.96666667,108
L,80,28.70920245,155
L,81,27.93939394,96
L,82,28.88666667,115
L,83,28.83571429,100
L,84,28.88104575,55
L,85,27.90736196,88
L,86,26.66363636,60
L,87,25.91242236,42
L,88,24.78597561,44
L,89,22.3190184,19
L,90,22.58109756,17
L,91,22.46993464,21
L,92,20.09411765,13
L,93,20.5648,12
L,94,19.56068966,16
L,95,17.24027778,18
L,96,16.89565217,19
L,97,16.40642857,13
L,98,15.0248,17
L,99,14.97412587,21
L,100,12,40
L,101,11.9,86
L,102,12.47522936,47
L,103,13.84183673,44
L,104,11.10677966,17
L,105,12.7625,10
L,106,14.41942446,25
L,107,10.8804878,22
L,108,11.69262295,31
L,109,11.87483444,31
L,110,12.10070922,15
L,111,15.52341772,22
L,112,9.567605634,16
L,113,12.16217949,15
L,114,13.02974684,44
L,115,9.91863354,23
L,116,12.36125,46
L,117,14.019375,21
L,118,14.63398693,20
L,119,14.04121212,13
L,120,17.22814371,14
L,121,16.9748503,29
L,122,16.75361446,5
L,123,16.1625,19
L,124,16.80304878,47
L,125,19.89880952,24
L,126,21.22559524,13
L,127,21.48988095,31
L,128,24.6552795,16
L,129,24.0186747,14
L,130,23.12380952,17
L,131,25.54277108,24
L,132,26.41856287,42
L,133,25.57636364,20
L,134,25.99156627,27
L,135,27.47878788,48
L,136,26.68928571,90
L,137,24.15662651,15
L,138,27.08571429,44
L,139,25.1202381,46
L,140,26.2452381,33
L,141,26.87245509,273
L,142,22.09760479,20
L,143,22.46071429,17
L,144,21.83413174,24
L,145,21.94545455,31
L,146,18.48392857,17
L,147,19.51904762,13
L,148,19.63511905,46
L,149,17.68,33
L,150,13.39074074,78
L,151,13.36547619,48
L,152,11.62083333,45
L,153,12.00833333,33
L,154,12.98719512,23
L,155,10.2943038,25
L,156,10.60522876,14
L,157,10.08712121,9
L,158,13.39111111,23
L,159,9.771604938,22
L,160,9.756024096,30
L,161,6.893081761,95
L,162,9.177777778,36
L,163,12.49509202,31
L,164,11.47804878,13
L,165,11.67714286,14
L,166,12.51636364,19
L,167,12.42641509,21
L,168,17.95644172,57
L,169,11.96821192,58
L,170,12.70384615,55
L,171,15.12594937,59
L,172,13.60125,38
L,173,18.14375,29
L,174,15.2826087,53
L,175,15.07018634,45
L,176,17.44666667,29
L,177,19.21130952,52
L,178,19.48012048,46
L,179,21.78023952,87
L,180,22.13865031,212
L,181,22.96708075,98
L,182,26.35180723,366
L,183,27.04642857,772
L,184,24.69761905,119
L,185,24.95209581,82
L,186,27.6251497,484
L,187,27.20714286,220
L,188,27.80892857,164
L,189,28.97065868,575
L,190,25.97305389,160
L,191,26.80059524,213
L,192,26.00301205,228
L,193,23.38121212,106
L,194,24.57341772,139
L,195,23.1725,98
L,196,21.739375,69
L,197,22.004375,56
L,198,21.44936709,60
L,199,20.85632911,103
L,200,19.13151515,73
L,201,18.65792683,77
L,202,17.10654762,77
L,203,13.71975309,95
L,204,12.20598802,135
L,205,13.925,80
L,206,9.76,65
L,207,9.880606061,100
L,208,9.799401198,80
L,209,9.498214286,38
L,210,12.19893617,71
M,1,6.372151899,1
M,2,8.489115646,12
M,3,6.411888112,6
M,4,7.730215827,3
M,5,5.135114504,4
M,6,6.446923077,4
M,7,7.203571429,14
M,8,6.550757576,13
M,9,6.74,2
M,10,9.275862069,2
M,11,10.18454545,4
M,12,10.8,14
M,13,7.514705882,15
M,14,13.02647059,6
M,15,14.03421053,4
M,16,14.3963964,3
M,17,11.60650407,5
M,18,12.79296875,1
M,19,15.72238806,7
M,20,12.975,6
M,21,14.0824,7
M,22,13.37674419,5
M,23,18.09852941,4
M,24,20.51397059,2
M,25,20.16136364,3
M,26,18.91037037,6
M,27,19.2808,17
M,28,16.53125,5
M,29,22.35277778,5
M,30,20.85855856,1
M,31,20.34310345,9
M,32,22.3610687,5
M,33,17.89259259,8
M,34,17.84925373,8
M,35,21.8912,13
M,36,21.49326923,5
M,37,21.4203252,7
M,38,20.63545455,7
M,39,15.73389831,15
M,40,17.39873418,13
M,41,17.59423077,15
M,42,17.85631068,6
M,43,16.41666667,3
M,44,14.41261261,12
M,45,9.17311828,7
M,46,9.6568,6
M,47,11.4046729,10
M,48,12.41979167,10
M,49,5.710344828,11
M,50,6.665789474,10
M,51,8.492,0
M,52,5.391935484,6
M,53,6.825714286,4
M,54,6.0184,6
M,55,5.923140496,5
M,56,3.363846154,20
M,57,5.369767442,10
M,58,0.827642276,116
M,59,5.033587786,5
M,60,5.431111111,4
M,61,7.4616,7
M,62,9.710294118,5
M,63,10.42336449,14
M,64,8.232173913,12
M,65,9.195192308,5
M,66,11.1,5
M,67,11.96806723,9
M,68,14.09756098,8
M,69,14.145,4
M,70,14.24,9
M,71,17.16330935,7
M,72,17.444,4
M,73,12.44485294,4
M,74,15.40714286,5
M,75,21.6937931,6
M,76,17.78461538,11
M,77,16.92681159,11
M,78,21.48602941,10
M,79,26.16742424,27
M,80,22.23287671,9
M,81,24.32520325,5
M,82,22.54592593,9
M,83,18.91651376,9
M,84,21.45373134,7
M,85,20.58671329,7
M,86,20.9504065,5
M,87,23.06993007,3
M,88,17.06783217,11
M,89,18.14214286,5
M,90,15.75103448,7
M,91,15.84475524,7
M,92,14.72357143,4
M,93,14.7754717,5
M,94,11.98257576,6
M,95,13.79724771,11
M,96,14.16346154,5
M,97,14.64615385,8
M,98,11.796,5
M,99,9.830833333,14
M,100,7.134482759,12
M,101,7.910294118,26
M,102,7.872164948,17
M,103,9.268055556,11
M,104,6.954716981,3
M,105,8.88245614,1
M,106,9.151666667,14
M,107,5.743809524,9
M,108,7.118018018,9
M,109,7.694656489,10
M,110,7.267479675,9
M,111,8.844285714,8
M,112,4.557480315,9
M,113,7.268275862,1
M,114,6.320408163,13
M,115,5.464084507,8
M,116,6.115753425,15
M,117,9.051724138,2
M,118,10.87062937,6
M,119,8.848251748,7
M,120,12.80680272,5
M,121,11.36258503,8
M,122,9.213013699,7
M,123,14.10612245,9
M,124,13.06714286,6
M,125,15.03172414,6
M,126,16.71088435,3
M,127,16.58758621,8
M,128,19.39726027,5
M,129,15.4951049,5
M,130,20.68444444,4
M,131,19.80833333,5
M,132,23.5032,4
M,133,19.38091603,2
M,134,22.05546875,5
M,135,21.96666667,5
M,136,21.40526316,11
M,137,20.66923077,7
M,138,21.98257576,7
M,139,24.36940299,2
M,140,22.61071429,3
M,141,22.50144928,28
M,142,16.97727273,8
M,143,17.65413534,9
M,144,17.84130435,10
M,145,15.94402985,4
M,146,12.6080292,7
M,147,13.13484848,7
M,148,14.70729927,10
M,149,10.35109489,13
M,150,8.234351145,25
M,151,9.453435115,28
M,152,6.80661157,19
M,153,7.024626866,7
M,154,7.325925926,9
M,155,6.007407407,9
M,156,7.026865672,9
M,157,3.318584071,14
M,158,6.260869565,9
M,159,3.139097744,18
M,160,6.064885496,11
M,161,1.564492754,57
M,162,4.303676471,13
M,163,9.271323529,9
M,164,6.188636364,4
M,165,8.701801802,4
M,166,8.478947368,10
M,167,8.311450382,13
M,168,12.47099237,11
M,169,11.23211679,24
M,170,8.044285714,24
M,171,11.27518248,38
M,172,12.23669065,13
M,173,13.57518797,5
M,174,12.05912409,8
M,175,9.992086331,12
M,176,13.70970149,10
M,177,14.23359375,19
M,178,15.5384058,20
M,179,21.47132353,36
M,180,17.91428571,78
M,181,19.52442748,26
M,182,23.4887218,49
M,183,24.37318841,51
M,184,16.88,23
M,185,22.84925373,14
M,186,20.95357143,27
M,187,22.47132353,10
M,188,21.46,20
M,189,22.68057554,25
M,190,17.80362319,17
M,191,21.64888889,22
M,192,23.86617647,13
M,193,18.4115942,25
M,194,17.41294964,36
M,195,14.71142857,44
M,196,15.79571429,22
M,197,17.0557971,18
M,198,16.61,20
M,199,17.03550725,24
M,200,14.89264706,21
M,201,14.20214286,19
M,202,11.94264706,24
M,203,8.106521739,33
M,204,7.723741007,25
M,205,8.933088235,11
M,206,2.680882353,24
M,207,4.974820144,24
M,208,5.420863309,37
M,209,6.133571429,31
M,210,5.747798742,24
N,1,7.714222222,152
N,2,12.04320388,37
N,3,8.377033493,19
N,4,8.433333333,41
N,5,6.269711538,35
N,6,8.28,17
N,7,8.575490196,42
N,8,8.362254902,35
N,9,8.20861244,31
N,10,10.2974359,33
N,11,10.41853933,46
N,12,10.37938144,62
N,13,9.1,58
N,14,14.45477387,55
N,15,12.94302326,25
N,16,13.6132948,45
N,17,12.22774869,26
N,18,12.26831683,33
N,19,15.12079208,58
N,20,12.57093596,42
N,21,13.90149254,53
N,22,13.06634146,45
N,23,17.3223301,34
N,24,19.03842365,42
N,25,19.1920398,33
N,26,18.52110553,34
N,27,18.37118644,59
N,28,16.52282609,38
N,29,21.31069182,33
N,30,20.22580645,23
N,31,19.73225806,19
N,32,21.59515152,40
N,33,17.51957672,21
N,34,16.90829016,35
N,35,20.63403141,44
N,36,20.5943038,33
N,37,21.34293478,26
N,38,21.03368984,47
N,39,16.48850575,75
N,40,17.4725,35
N,41,17.66049383,44
N,42,19.34378698,27
N,43,16.84463277,16
N,44,17.721875,101
N,45,10.58016529,162
N,46,12.01593407,29
N,47,13.73446328,40
N,48,12.79172414,38
N,49,7.05480226,58
N,50,8.150285714,43
N,51,9.259405941,37
N,52,7.450753769,37
N,53,7.500909091,16
N,54,8.1085,39
N,55,7.809090909,33
N,56,4.118817204,50
N,57,6.596825397,41
N,58,1.791005291,345
N,59,6.246354167,42
N,60,6.473195876,32
N,61,8.426315789,27
N,62,9.473134328,33
N,63,9.480379747,41
N,64,8.688957055,38
N,65,8.742176871,28
N,66,10.57068966,30
N,67,12.67018634,26
N,68,14.93630573,27
N,69,14.95597826,33
N,70,14.79032258,30
N,71,17.02402235,34
N,72,15.59887006,28
N,73,11.84640884,29
N,74,14.53076923,38
N,75,19.39856459,51
N,76,17.02651163,60
N,77,16.05023474,71
N,78,20.10917874,48
N,79,23.57927461,32
N,80,20.71047619,43
N,81,21.99942857,50
N,82,20.95789474,47
N,83,18.42228571,47
N,84,19.80591133,46
N,85,19.76981132,33
N,86,20.24269006,24
N,87,22.81642512,36
N,88,16.61643192,50
N,89,17.53601896,22
N,90,16.07688679,37
N,91,15.94362745,56
N,92,15.19565217,42
N,93,16.094,46
N,94,12.66956522,41
N,95,14.2877193,37
N,96,16.93369565,36
N,97,16.97125,60
N,98,13.73614458,66
N,99,11.63502825,82
N,100,8.883937824,120
N,101,11.02090909,207
N,102,10.4080292,156
N,103,15.2601626,86
N,104,11.59308176,37
N,105,11.42473118,32
N,106,11.11736842,46
N,107,7.726829268,41
N,108,10.28271605,50
N,109,10.20841121,51
N,110,8.735751295,34
N,111,10.15619048,34
N,112,6.033684211,34
N,113,8.307582938,40
N,114,7.111162791,65
N,115,6.488785047,33
N,116,7.589351852,40
N,117,9.896759259,32
N,118,11.54739336,26
N,119,9.429107981,40
N,120,13.49252336,41
N,121,12.04813084,47
N,122,9.501408451,40
N,123,14.91784038,38
N,124,14.25048544,78
N,125,15.24951456,35
N,126,16.49585253,32
N,127,16.33548387,48
N,128,18.31336406,31
N,129,15.40521327,35
N,130,19.6124424,32
N,131,17.59861751,36
N,132,20.52227488,41
N,133,17.80338164,36
N,134,21.62487805,42
N,135,20.1375,19
N,136,19.73095238,82
N,137,19.94575472,20
N,138,20.91474654,31
N,139,24.03785047,43
N,140,21.04537037,33
N,141,21.38194444,98
N,142,17.64528302,46
N,143,17.40416667,45
N,144,17.94101382,37
N,145,16.12836538,56
N,146,13.59672897,39
N,147,13.60368664,38
N,148,15.17962963,47
N,149,12.44976744,56
N,150,9.249767442,152
N,151,10.29902913,110
N,152,8.358373206,85
N,153,9.814832536,56
N,154,11.04215686,48
N,155,9.026415094,61
N,156,8.666183575,32
N,157,6.63908046,43
N,158,9.626470588,34
N,159,3.507881773,59
N,160,7.175369458,56
N,161,3.331707317,191
N,162,5.907692308,84
N,163,11.96038647,54
N,164,7.580882353,38
N,165,10.55666667,54
N,166,9.301435407,26
N,167,10.025,52
N,168,13.17403846,84
N,169,11.2937799,73
N,170,8.120095694,95
N,171,13.24258373,113
N,172,12.80544554,133
N,173,13.06453202,76
N,174,12.39130435,85
N,175,9.758173077,68
N,176,13.98238095,73
N,177,14.34571429,125
N,178,15.80909091,94
N,179,20.86842105,144
N,180,17.07912621,398
N,181,18.60144231,149
N,182,20.38229665,159
N,183,22.69174757,291
N,184,16.80096154,144
N,185,21.55625,111
N,186,19.38349515,158
N,187,20.83091787,103
N,188,19.84086538,91
N,189,20.63428571,158
N,190,17.12980769,138
N,191,20.49951923,87
N,192,22.60628019,144
N,193,18.78647343,168
N,194,17.31067961,254
N,195,15.02926829,194
N,196,16.52125604,140
N,197,17.52307692,56
N,198,16.5552381,99
N,199,18.28009709,138
N,200,16.56019417,160
N,201,14.65637255,112
N,202,13.20669856,211
N,203,9.266502463,227
N,204,8.064903846,289
N,205,11.40285714,135
N,206,4.327941176,116
N,207,7.372413793,177
N,208,7.6555,178
N,209,7.028217822,90
N,210,8.502966102,118
O,1,10.205,77
O,2,10.29812207,108
O,3,10.19908676,76
O,4,11.675,94
O,5,10.50717489,46
O,6,10.94618834,51
O,7,12.29067797,85
O,8,10.71466667,66
O,9,11.27288136,76
O,10,11.87824268,77
O,11,11.432287,66
O,12,14.5968,127
O,13,11.92970711,123
O,14,15.24776786,109
O,15,17.31330049,90
O,16,18.09187817,57
O,17,17.64052863,46
O,18,17.46355932,81
O,19,19.0592437,86
O,20,16.86693878,87
O,21,18.07860082,86
O,22,17.9525641,70
O,23,21.25458333,53
O,24,23.645,79
O,25,21.69430894,71
O,26,22.70294118,95
O,27,23.35765766,143
O,28,22.90533333,54
O,29,25.43351351,144
O,30,24.99117647,48
O,31,25.51088083,146
O,32,26.03133047,258
O,33,24.88119658,46
O,34,24.44896266,86
O,35,26.2277551,303
O,36,26.1747619,207
O,37,25.39388646,94
O,38,23.84852321,101
O,39,19.73360656,250
O,40,20.52,141
O,41,20.92112069,105
O,42,19.77457627,81
O,43,20.2512605,97
O,44,18.20444444,78
O,45,14.55260417,134
O,46,13.45655738,173
O,47,13.80569106,79
O,48,14.37058824,137
O,49,10.49918033,116
O,50,10.09012876,177
O,51,11.28146718,87
O,52,9.253100775,77
O,53,10.10133333,35
O,54,10.1227451,67
O,55,9.891139241,68
O,56,7.252755906,115
O,57,10.621673,80
O,58,5.965882353,279
O,59,9.273913043,72
O,60,9.998473282,91
O,61,12.51470588,65
O,62,12.98210117,83
O,63,12.94527363,88
O,64,9.958411215,91
O,65,14.03513514,84
O,66,16.02419355,91
O,67,12.12883721,98
O,68,15.71062802,52
O,69,16.52801724,121
O,70,19.32478632,104
O,71,20.64853556,83
O,72,21.27352941,88
O,73,16.60731707,115
O,74,19.2097561,77
O,75,21.04758065,96
O,76,21.82406639,87
O,77,21.02594142,143
O,78,24.69649123,100
O,79,25.9460177,270
O,80,27.05355649,348
O,81,26.9902439,333
O,82,27.51506276,336
O,83,26.60502513,237
O,84,26.72768595,258
O,85,25.54860558,174
O,86,24.95654206,77
O,87,24.90534979,98
O,88,22.86941176,131
O,89,21.64901186,106
O,90,21.8848249,83
O,91,20.84903475,113
O,92,18.90119048,62
O,93,19.44975124,90
O,94,17.53404255,71
O,95,15.84741784,75
O,96,16.2992,99
O,97,16.3763285,114
O,98,14.85707317,130
O,99,14.00818966,88
O,100,11.01724138,284
O,101,11.54362416,299
O,102,11.78068182,214
O,103,13.18742515,154
O,104,10.60485437,61
O,105,12.37058824,43
O,106,13.70963303,71
O,107,10.3255102,86
O,108,10.77560976,108
O,109,12.012749,124
O,110,11.09545455,69
O,111,15.50711462,83
O,112,8.844978166,65
O,113,12.11195219,57
O,114,12.4992,184
O,115,9.036015326,106
O,116,10.85542636,92
O,117,13.70121457,66
O,118,14.20893617,60
O,119,13.51687243,93
O,120,16.69880478,93
O,121,15.43203125,88
O,122,14.18599222,92
O,123,15.00804598,63
O,124,16.4109434,127
O,125,18.51992337,64
O,126,19.74377358,61
O,127,19.93977695,89
O,128,23.22761194,66
O,129,22.2090566,43
O,130,22.06052632,59
O,131,24.25454545,59
O,132,25.47556391,108
O,133,24.12702703,54
O,134,24.63435115,67
O,135,26.53787879,219
O,136,25.53120301,312
O,137,23.13383459,57
O,138,25.53796992,110
O,139,24.3125,77
O,140,25.75378788,152
O,141,25.83125,654
O,142,20.83429603,103
O,143,20.77573529,51
O,144,20.67256318,88
O,145,20.82600733,68
O,146,17.88165468,84
O,147,17.86413043,81
O,148,18.57835821,104
O,149,16.65447761,141
O,150,12.56285714,318
O,151,12.40215054,237
O,152,10.93154122,132
O,153,11.14212454,112
O,154,12.15539568,115
O,155,9.874181818,135
O,156,10.08461538,80
O,157,9.458898305,71
O,158,12.00833333,68
O,159,8.776208178,81
O,160,8.971691176,102
O,161,6.140520446,366
O,162,8.498916968,171
O,163,12.07220217,97
O,164,10.69820789,89
O,165,10.75271967,82
O,166,11.19130435,86
O,167,11.72316176,113
O,168,16.88164794,173
O,169,11.79056604,172
O,170,11.81287879,243
O,171,14.11312741,283
O,172,13.05898437,181
O,173,16.75758755,144
O,174,13.62355212,191
O,175,13.83605948,189
O,176,16.49814815,178
O,177,18.225,197
O,178,18.37785714,229
O,179,20.81438849,291
O,180,20.5852518,835
O,181,21.52335766,318
O,182,25.22022059,636
O,183,25.76830189,1226
O,184,23.33643123,399
O,185,24.1202952,339
O,186,26.23210332,1386
O,187,25.5488806,646
O,188,26.06741573,927
O,189,27.29851301,1676
O,190,23.59090909,415
O,191,25.56407407,498
O,192,25.10149813,696
O,193,22.58838951,425
O,194,22.79926199,626
O,195,20.88228782,439
O,196,20.7464684,327
O,197,20.95604396,226
O,198,20.49216418,266
O,199,20.08679245,325
O,200,18.2164794,300
O,201,18.01412639,315
O,202,16.22647059,338
O,203,12.62527881,395
O,204,11.16617647,439
O,205,12.94185185,282
O,206,8.109022556,385
O,207,9.038372093,405
O,208,9.382889734,418
O,209,9.135294118,232
O,210,11.52394822,311